<?xml version="1.0" encoding="UTF-8"?>
<project-private xmlns="http://www.netbeans.org/ns/project-private/1">
    <editor-bookmarks xmlns="http://www.netbeans.org/ns/editor-bookmarks/2" lastBookmarkId="0"/>
    <open-files xmlns="http://www.netbeans.org/ns/projectui-open-files/2">
        <group>
            <file>file:/home/anonymous/NetBeansProjects/ProjectPBO2/src/projectpbo2/tabelbelanja.java</file>
            <file>file:/home/anonymous/NetBeansProjects/ProjectPBO2/src/projectpbo2/tampungBelanja.java</file>
            <file>file:/home/anonymous/NetBeansProjects/ProjectPBO2/src/projectpbo2/daftar.java</file>
            <file>file:/home/anonymous/NetBeansProjects/ProjectPBO2/src/projectpbo2/tampungMember.java</file>
            <file>file:/home/anonymous/NetBeansProjects/ProjectPBO2/src/projectpbo2/produk.java</file>
        </group>
    </open-files>
</project-private>
